{
  "IcoMoonType": "selection",
  "icons": [
    {
      "icon": {
        "paths": [
          "M1024 590.444l-512-397.426-512 397.428v-162.038l512-397.426 512 397.428zM896 576v384h-256v-256h-256v256h-256v-384l384-288z"
        ],
        "tags": [
          "home",
          "house"
        ],
        "defaultCode": 59648,
        "grid": 16,
        "attrs": []
      },
      "attrs": [],
      "properties": {
        "ligatures": "home, house",
        "name": "home",
        "order": 3,
        "id": 1,
        "prevSize": 32,
        "code": 59648
      },
      "setIdx": 0,
      "setId": 1,
      "iconIdx": 0
    },
    {
      "icon": {
        "paths": [
          "M0 64v640h1024v-640h-1024zM960 640h-896v-512h896v512zM672 768h-320l-32 128-64 64h512l-64-64z"
        ],
        "tags": [
          "display",
          "screen",
          "monitor",
          "computer",
          "desktop",
          "pc"
        ],
        "defaultCode": 59734,
        "grid": 16,
        "attrs": []
      },
      "attrs": [],
      "properties": {
        "ligatures": "display, screen",
        "name": "display",
        "order": 13,
        "id": 87,
        "prevSize": 32,
        "code": 59734
      },
      "setIdx": 0,
      "setId": 1,
      "iconIdx": 86
    },
    {
      "icon": {
        "paths": [
          "M736 0h-448c-52.8 0-96 43.2-96 96v832c0 52.8 43.2 96 96 96h448c52.8 0 96-43.2 96-96v-832c0-52.8-43.2-96-96-96zM384 48h256v32h-256v-32zM512 960c-35.346 0-64-28.654-64-64s28.654-64 64-64 64 28.654 64 64-28.654 64-64 64zM768 768h-512v-640h512v640z"
        ],
        "tags": [
          "mobile",
          "cell-phone",
          "handheld"
        ],
        "defaultCode": 59736,
        "grid": 16,
        "attrs": []
      },
      "attrs": [],
      "properties": {
        "ligatures": "mobile, cell-phone",
        "name": "mobile",
        "order": 14,
        "id": 89,
        "prevSize": 32,
        "code": 59736
      },
      "setIdx": 0,
      "setId": 1,
      "iconIdx": 88
    },
    {
      "icon": {
        "paths": [
          "M800 0h-640c-52.8 0-96 43.2-96 96v832c0 52.8 43.2 96 96 96h640c52.8 0 96-43.2 96-96v-832c0-52.8-43.2-96-96-96zM480 992c-17.672 0-32-14.326-32-32s14.328-32 32-32 32 14.326 32 32-14.328 32-32 32zM768 896h-576v-768h576v768z"
        ],
        "tags": [
          "tablet",
          "mobile"
        ],
        "defaultCode": 59738,
        "grid": 16,
        "attrs": []
      },
      "attrs": [],
      "properties": {
        "ligatures": "tablet, mobile3",
        "name": "tablet",
        "order": 15,
        "id": 91,
        "prevSize": 32,
        "code": 59738
      },
      "setIdx": 0,
      "setId": 1,
      "iconIdx": 90
    },
    {
      "icon": {
        "paths": [
          "M896 0h-896v1024h1024v-896l-128-128zM512 128h128v256h-128v-256zM896 896h-768v-768h64v320h576v-320h74.978l53.022 53.018v714.982z"
        ],
        "tags": [
          "floppy-disk",
          "save"
        ],
        "defaultCode": 59746,
        "grid": 16,
        "attrs": []
      },
      "attrs": [],
      "properties": {
        "ligatures": "floppy-disk, save2",
        "name": "floppy-disk",
        "order": 16,
        "id": 99,
        "prevSize": 32,
        "code": 59746
      },
      "setIdx": 0,
      "setId": 1,
      "iconIdx": 98
    },
    {
      "icon": {
        "paths": [
          "M896 512h-160l-224 224-224-224h-160l-128 256v64h1024v-64l-128-256zM0 896h1024v64h-1024v-64zM576 320v-256h-128v256h-224l288 288 288-288h-224z"
        ],
        "tags": [
          "download",
          "save",
          "store"
        ],
        "defaultCode": 59845,
        "grid": 16,
        "attrs": []
      },
      "attrs": [],
      "properties": {
        "ligatures": "download2, save4",
        "name": "download2",
        "order": 11,
        "id": 198,
        "prevSize": 32,
        "code": 59845
      },
      "setIdx": 0,
      "setId": 1,
      "iconIdx": 197
    },
    {
      "icon": {
        "paths": [
          "M864 704c-45.16 0-85.92 18.738-115.012 48.83l-431.004-215.502c1.314-8.252 2.016-16.706 2.016-25.328s-0.702-17.076-2.016-25.326l431.004-215.502c29.092 30.090 69.852 48.828 115.012 48.828 88.366 0 160-71.634 160-160s-71.634-160-160-160-160 71.634-160 160c0 8.622 0.704 17.076 2.016 25.326l-431.004 215.504c-29.092-30.090-69.852-48.83-115.012-48.83-88.366 0-160 71.636-160 160 0 88.368 71.634 160 160 160 45.16 0 85.92-18.738 115.012-48.828l431.004 215.502c-1.312 8.25-2.016 16.704-2.016 25.326 0 88.368 71.634 160 160 160s160-71.632 160-160c0-88.364-71.634-160-160-160z"
        ],
        "tags": [
          "share",
          "social"
        ],
        "defaultCode": 60034,
        "grid": 16,
        "attrs": []
      },
      "attrs": [],
      "properties": {
        "ligatures": "share2, social",
        "name": "share2",
        "order": 7,
        "id": 387,
        "prevSize": 32,
        "code": 60034
      },
      "setIdx": 0,
      "setId": 1,
      "iconIdx": 386
    },
    {
      "icon": {
        "paths": [
          "M853.342 0h-682.656c-93.874 0-170.686 76.81-170.686 170.69v682.622c0 93.938 76.812 170.688 170.686 170.688h682.656c93.876 0 170.658-76.75 170.658-170.69v-682.62c0-93.88-76.782-170.69-170.658-170.69zM853.342 128c7.988 0 15.546 2.334 22.020 6.342l-363.362 300.404-363.354-300.4c6.478-4.010 14.044-6.346 22.040-6.346h682.656zM170.686 896c-1.924 0-3.82-0.146-5.684-0.408l225.626-312.966-29.256-29.254-233.372 233.37v-611.138l384 464.396 384-464.394v611.136l-233.372-233.37-29.254 29.254 225.628 312.968c-1.858 0.26-3.746 0.406-5.662 0.406h-682.654z"
        ],
        "tags": [
          "mail",
          "contact",
          "support",
          "newsletter",
          "letter",
          "email",
          "envelop",
          "social"
        ],
        "defaultCode": 60036,
        "grid": 16,
        "attrs": []
      },
      "attrs": [],
      "properties": {
        "ligatures": "mail3, contact3",
        "name": "mail2",
        "order": 19,
        "id": 389,
        "prevSize": 32,
        "code": 60036
      },
      "setIdx": 0,
      "setId": 1,
      "iconIdx": 388
    },
    {
      "icon": {
        "paths": [
          "M512.008 12.642c-282.738 0-512.008 229.218-512.008 511.998 0 226.214 146.704 418.132 350.136 485.836 25.586 4.738 34.992-11.11 34.992-24.632 0-12.204-0.48-52.542-0.696-95.324-142.448 30.976-172.504-60.41-172.504-60.41-23.282-59.176-56.848-74.916-56.848-74.916-46.452-31.778 3.51-31.124 3.51-31.124 51.4 3.61 78.476 52.766 78.476 52.766 45.672 78.27 119.776 55.64 149.004 42.558 4.588-33.086 17.852-55.68 32.506-68.464-113.73-12.942-233.276-56.85-233.276-253.032 0-55.898 20.004-101.574 52.76-137.428-5.316-12.9-22.854-64.972 4.952-135.5 0 0 43.006-13.752 140.84 52.49 40.836-11.348 84.636-17.036 128.154-17.234 43.502 0.198 87.336 5.886 128.256 17.234 97.734-66.244 140.656-52.49 140.656-52.49 27.872 70.528 10.35 122.6 5.036 135.5 32.82 35.856 52.694 81.532 52.694 137.428 0 196.654-119.778 239.95-233.79 252.624 18.364 15.89 34.724 47.046 34.724 94.812 0 68.508-0.596 123.644-0.596 140.508 0 13.628 9.222 29.594 35.172 24.566 203.322-67.776 349.842-259.626 349.842-485.768 0-282.78-229.234-511.998-511.992-511.998z"
        ],
        "tags": [
          "github",
          "brand",
          "octacat",
          "social"
        ],
        "defaultCode": 60080,
        "grid": 16,
        "attrs": []
      },
      "attrs": [],
      "properties": {
        "ligatures": "github, brand40",
        "name": "github",
        "order": 9,
        "id": 433,
        "prevSize": 32,
        "code": 60080
      },
      "setIdx": 0,
      "setId": 1,
      "iconIdx": 432
    },
    {
      "icon": {
        "paths": [
          "M412.23 511.914c-47.708-24.518-94.086-36.958-137.88-36.958-5.956 0-11.952 0.18-17.948 0.708-55.88 4.624-106.922 19.368-139.75 30.828-8.708 3.198-17.634 6.576-26.83 10.306l-89.822 311.394c61.702-22.832 116.292-33.938 166.27-33.938 80.846 0 139.528 30.208 187.992 61.304 22.962-77.918 78.044-266.090 94.482-322.324-11.95-7.284-24.076-14.57-36.514-21.32zM528.348 591.070l-90.446 314.148c26.832 15.372 117.098 64.050 186.212 64.050 55.792 0 118.252-14.296 190.834-43.792l86.356-301.976c-58.632 18.922-114.876 28.52-167.464 28.52-95.95 0-163.114-31.098-205.492-60.95zM292.822 368.79c77.118 0.798 134.152 30.208 181.416 60.502l92.752-317.344c-19.546-11.196-70.806-39.094-107.858-48.6-24.386-5.684-50.020-8.616-77.204-8.616-51.796 0.976-108.388 13.946-172.888 39.8l-88.44 310.596c64.808-24.436 120.644-36.34 172.086-36.34 0.046 0.002 0.136 0.002 0.136 0.002zM1024 198.124c-58.814 22.832-116.208 34.466-171.028 34.466-91.686 0-159.292-31.802-203.094-62.366l-91.95 318.236c61.746 39.708 128.29 59.878 198.122 59.878 56.948 0 115.94-13.68 175.462-40.688l-0.182-2.222 3.734-0.886 88.936-306.418z"
        ],
        "tags": [
          "windows",
          "brand",
          "os"
        ],
        "defaultCode": 60097,
        "grid": 16,
        "attrs": []
      },
      "attrs": [],
      "properties": {
        "ligatures": "windows, brand56",
        "name": "windows",
        "order": 17,
        "id": 450,
        "prevSize": 32,
        "code": 60097
      },
      "setIdx": 0,
      "setId": 1,
      "iconIdx": 449
    },
    {
      "icon": {
        "paths": [
          "M0.35 512l-0.35-312.074 384-52.144v364.218zM448 138.482l511.872-74.482v448h-511.872zM959.998 576l-0.126 448-511.872-72.016v-375.984zM384 943.836l-383.688-52.594-0.020-315.242h383.708z"
        ],
        "tags": [
          "windows8",
          "brand",
          "os"
        ],
        "defaultCode": 60098,
        "grid": 16,
        "attrs": []
      },
      "attrs": [],
      "properties": {
        "ligatures": "windows8, brand57",
        "name": "windows8",
        "order": 5,
        "id": 451,
        "prevSize": 32,
        "code": 60098
      },
      "setIdx": 0,
      "setId": 1,
      "iconIdx": 450
    },
    {
      "icon": {
        "paths": [
          "M425.6 37.4c-1.6-1-3.4-1.8-5-2.6-1.8 0.4-3.4 0.6-5.2 1l10.2 1.6z",
          "M36.8 421c-0.4 1.8-0.6 3.6-0.8 5.2 1 1.6 1.6 3.2 2.6 4.8l-1.8-10z",
          "M986.8 602.6c0.4-1.8 0.6-3.6 1-5.4-1-1.6-1.6-3.2-2.6-4.8l1.6 10.2z",
          "M592 983c1.6 1 3.4 1.8 5 2.6 1.8-0.4 3.6-0.6 5.4-0.8l-10.4-1.8z",
          "M987.8 597.2c-0.4 1.8-0.6 3.6-1 5.4l-1.8-10.4c1 1.8 1.8 3.4 2.8 5 5.2-28.8 8-58.2 8-87.6 0-65.2-12.8-128.6-38-188.2-24.4-57.6-59.2-109.4-103.6-153.8s-96.2-79.2-153.6-103.6c-59.6-25.2-123-38-188.2-38-30.8 0-61.6 2.8-91.6 8.6 0 0-0.2 0-0.2 0 1.6 0.8 3.4 1.6 5 2.6l-10.2-1.6c1.8-0.4 3.4-0.6 5.2-1-41.2-21.8-87.4-33.6-134.2-33.6-76.4 0-148.4 29.8-202.4 83.8s-83.8 126-83.8 202.4c0 48.6 12.6 96.6 36 138.8 0.4-1.8 0.6-3.6 0.8-5.2l1.8 10.2c-1-1.6-1.8-3.2-2.6-4.8-4.8 27.4-7.2 55.4-7.2 83.4 0 65.2 12.8 128.6 38 188.2 24.4 57.6 59.2 109.2 103.6 153.6s96.2 79.2 153.8 103.6c59.6 25.2 123 38 188.2 38 28.4 0 56.8-2.6 84.6-7.6-1.6-1-3.2-1.8-5-2.6l10.4 1.8c-1.8 0.4-3.6 0.6-5.4 0.8 42.8 24.2 91.4 37.2 140.8 37.2 76.4 0 148.4-29.8 202.4-83.8s83.8-126 83.8-202.4c-0.2-48.6-12.8-96.6-36.4-139.2zM514.2 805.8c-171.8 0-248.6-84.4-248.6-147.8 0-32.4 24-55.2 57-55.2 73.6 0 54.4 105.6 191.6 105.6 70.2 0 109-38.2 109-77.2 0-23.4-11.6-49.4-57.8-60.8l-152.8-38.2c-123-30.8-145.4-97.4-145.4-160 0-129.8 122.2-178.6 237-178.6 105.8 0 230.4 58.4 230.4 136.4 0 33.4-29 52.8-62 52.8-62.8 0-51.2-86.8-177.6-86.8-62.8 0-97.4 28.4-97.4 69s49.6 53.6 92.6 63.4l113.2 25.2c123.8 27.6 155.2 100 155.2 168 0 105.4-81 184.2-244.4 184.2z"
        ],
        "tags": [
          "skype",
          "brand",
          "social"
        ],
        "defaultCode": 60101,
        "grid": 16,
        "attrs": []
      },
      "attrs": [],
      "properties": {
        "ligatures": "skype, brand60",
        "name": "skype",
        "order": 18,
        "id": 454,
        "prevSize": 32,
        "code": 60101
      },
      "setIdx": 0,
      "setId": 1,
      "iconIdx": 453
    },
    {
      "icon": {
        "paths": [
          "M928 0h-832c-52.8 0-96 43.2-96 96v832c0 52.8 43.2 96 96 96h832c52.8 0 96-43.2 96-96v-832c0-52.8-43.2-96-96-96zM384 832h-128v-448h128v448zM320 320c-35.4 0-64-28.6-64-64s28.6-64 64-64c35.4 0 64 28.6 64 64s-28.6 64-64 64zM832 832h-128v-256c0-35.4-28.6-64-64-64s-64 28.6-64 64v256h-128v-448h128v79.4c26.4-36.2 66.8-79.4 112-79.4 79.6 0 144 71.6 144 160v288z"
        ],
        "tags": [
          "linkedin",
          "brand",
          "social"
        ],
        "defaultCode": 60105,
        "grid": 16,
        "attrs": []
      },
      "attrs": [],
      "properties": {
        "ligatures": "linkedin, brand64",
        "name": "linkedin",
        "order": 4,
        "id": 458,
        "prevSize": 32,
        "code": 60105
      },
      "setIdx": 0,
      "setId": 1,
      "iconIdx": 457
    },
    {
      "icon": {
        "paths": [
          "M0 0v1024h1024v-1024h-1024zM512 960v-448h-448v-448h448v448h448v448h-448z"
        ],
        "tags": [
          "delicious",
          "brand",
          "social"
        ],
        "defaultCode": 60109,
        "grid": 16,
        "attrs": []
      },
      "attrs": [],
      "properties": {
        "ligatures": "delicious, brand68",
        "name": "delicious",
        "order": 6,
        "id": 462,
        "prevSize": 32,
        "code": 60109
      },
      "setIdx": 0,
      "setId": 1,
      "iconIdx": 461
    },
    {
      "icon": {
        "paths": [
          "M1024 640v384h-1024v-384h128v256h768v-256zM192 704h640v128h-640zM207.152 565.466l27.698-124.964 624.832 138.496-27.698 124.964zM279.658 308.558l54.092-116.006 580.032 270.464-54.092 116.006zM991.722 361.476l-77.922 101.55-507.746-389.608 56.336-73.418h58.244z"
        ],
        "tags": [
          "stackoverflow",
          "brand",
          "social"
        ],
        "defaultCode": 60112,
        "grid": 16,
        "attrs": []
      },
      "attrs": [],
      "properties": {
        "ligatures": "stackoverflow, brand71",
        "name": "stackoverflow",
        "order": 8,
        "id": 465,
        "prevSize": 32,
        "code": 60112
      },
      "setIdx": 0,
      "setId": 1,
      "iconIdx": 464
    }
  ],
  "height": 1024,
  "metadata": {
    "name": "icomoon"
  },
  "preferences": {
    "showGlyphs": true,
    "showQuickUse": true,
    "showQuickUse2": true,
    "showSVGs": true,
    "fontPref": {
      "prefix": "icon-",
      "metadata": {
        "fontFamily": "icomoon"
      },
      "metrics": {
        "emSize": 1024,
        "baseline": 6.25,
        "whitespace": 50
      },
      "embed": false
    },
    "imagePref": {
      "prefix": "icon-",
      "png": true,
      "useClassSelector": true,
      "color": 0,
      "bgColor": 16777215,
      "classSelector": ".icon"
    },
    "historySize": 100,
    "showCodes": true,
    "gridSize": 16
  }
}